Model,R2,RMSE,MAE
RandomForest,0.8380645417919708,0.03794231381567184,0.013033817482251693
ExtraTrees,0.9340565978483707,0.02421243730705443,0.008686060913828519
LightGBM,0.669551416543055,0.054200685803369154,0.022072841863148555
XGBoost,0.8965312848258996,0.030328949124547387,0.010528741489277155
CatBoost,0.9166760847280824,0.027216838030197484,0.011961348335687245
