Model,R2,RMSE,MAE
RandomForest,0.7030132029358876,0.20550503383642296,0.07780062582700926
LightGBM,0.8417936567424129,0.1499912205828197,0.056865246280831776
XGBoost,0.29269706256109973,0.31714409088468065,0.10565395765442863
ExtraTrees,0.5619298407859243,0.24958916513769466,0.08360540039580398
CatBoost,0.4657193770859469,0.2756376920650413,0.09279278302826957
